{
    "root_group": {
        "id": "d41d8cd98f00b204e9800998ecf8427e",
        "groups": {},
        "checks": {},
        "name": "",
        "path": ""
    },
    "metrics": {
        "http_req_sending": {
            "med": 0,
            "max": 0,
            "p(90)": 0,
            "p(95)": 0,
            "avg": 0,
            "min": 0
        },
        "http_req_failed": {
            "passes": 0,
            "fails": 100,
            "value": 0
        },
        "data_sent": {
            "count": 20400,
            "rate": 94433.33978319216
        },
        "iteration_duration": {
            "p(90)": 105.9876,
            "p(95)": 143.70782499999993,
            "avg": 92.20997000000003,
            "min": 61.1405,
            "med": 87.96504999999999,
            "max": 216.0281
        },
        "iterations": {
            "count": 100,
            "rate": 462.9085283489812
        },
        "http_req_duration": {
            "p(90)": 100.3956,
            "p(95)": 143.70600999999994,
            "avg": 88.59605699999999,
            "min": 61.1397,
            "med": 82.1099,
            "max": 216.0254
        },
        "http_req_duration{expected_response:true}": {
            "max": 216.0254,
            "p(90)": 100.3956,
            "p(95)": 143.70600999999994,
            "avg": 88.59605699999999,
            "min": 61.1397,
            "med": 82.1099
        },
        "http_req_blocked": {
            "max": 5.5907,
            "p(90)": 5.5907,
            "p(95)": 5.5907,
            "avg": 3.5780480000000043,
            "min": 0,
            "med": 5.5907
        },
        "http_req_connecting": {
            "avg": 3.076523000000002,
            "min": 0,
            "med": 5.5907,
            "max": 5.5907,
            "p(90)": 5.5907,
            "p(95)": 5.5907
        },
        "http_req_tls_handshaking": {
            "min": 0,
            "med": 0,
            "max": 0,
            "p(90)": 0,
            "p(95)": 0,
            "avg": 0
        },
        "http_reqs": {
            "count": 100,
            "rate": 462.9085283489812
        },
        "http_req_waiting": {
            "min": 50.5595,
            "med": 82.0761,
            "max": 216.0254,
            "p(90)": 100.21335,
            "p(95)": 128.92439499999992,
            "avg": 87.82285099999997
        },
        "http_req_receiving": {
            "avg": 0.773206,
            "min": 0,
            "med": 0.1391,
            "max": 15.1017,
            "p(90)": 0.5523000000000001,
            "p(95)": 6.898919999999998
        },
        "data_received": {
            "count": 375000,
            "rate": 1735906.9813086793
        }
    }
}