{
    "root_group": {
        "name": "",
        "path": "",
        "id": "d41d8cd98f00b204e9800998ecf8427e",
        "groups": {},
        "checks": {}
    },
    "metrics": {
        "data_received": {
            "count": 37500,
            "rate": 167632.90271793283
        },
        "iterations": {
            "count": 10,
            "rate": 44.702107391448756
        },
        "http_reqs": {
            "count": 10,
            "rate": 44.702107391448756
        },
        "http_req_duration": {
            "avg": 154.02108,
            "min": 75.5515,
            "med": 151.43975,
            "max": 214.3399,
            "p(90)": 213.07657,
            "p(95)": 213.708235
        },
        "http_req_duration{expected_response:true}": {
            "p(90)": 213.07657,
            "p(95)": 213.708235,
            "avg": 154.02108,
            "min": 75.5515,
            "med": 151.43975,
            "max": 214.3399
        },
        "http_req_tls_handshaking": {
            "avg": 0,
            "min": 0,
            "med": 0,
            "max": 0,
            "p(90)": 0,
            "p(95)": 0
        },
        "http_req_receiving": {
            "avg": 3.9041200000000003,
            "min": 0,
            "med": 2.07505,
            "max": 12.4082,
            "p(90)": 11.40461,
            "p(95)": 11.906405
        },
        "http_req_sending": {
            "max": 0,
            "p(90)": 0,
            "p(95)": 0,
            "avg": 0,
            "min": 0,
            "med": 0
        },
        "iteration_duration": {
            "min": 75.5524,
            "med": 151.45105,
            "max": 223.7058,
            "p(90)": 215.27883,
            "p(95)": 219.492315,
            "avg": 155.10154999999997
        },
        "http_req_waiting": {
            "avg": 150.11696,
            "min": 72.591,
            "med": 149.96769999999998,
            "max": 214.3399,
            "p(90)": 213.07657,
            "p(95)": 213.708235
        },
        "data_sent": {
            "count": 2040,
            "rate": 9119.229907855546
        },
        "http_req_blocked": {
            "min": 0,
            "med": 0,
            "max": 10.7669,
            "p(90)": 1.0766899999999962,
            "p(95)": 5.921794999999988,
            "avg": 1.07669
        },
        "http_req_connecting": {
            "avg": 1.07669,
            "min": 0,
            "med": 0,
            "max": 10.7669,
            "p(90)": 1.0766899999999962,
            "p(95)": 5.921794999999988
        },
        "http_req_failed": {
            "passes": 0,
            "fails": 10,
            "value": 0
        }
    }
}