{
    "root_group": {
        "name": "",
        "path": "",
        "id": "d41d8cd98f00b204e9800998ecf8427e",
        "groups": {},
        "checks": {}
    },
    "metrics": {
        "iteration_duration": {
            "med": 369.8347,
            "max": 521.3045,
            "p(90)": 461.16179000000005,
            "p(95)": 485.96593999999993,
            "avg": 356.5951785,
            "min": 54.1902
        },
        "http_req_connecting": {
            "med": 20.5026,
            "max": 64.1004,
            "p(90)": 31.0937,
            "p(95)": 31.0937,
            "avg": 20.24326100000025,
            "min": 0
        },
        "http_req_duration{expected_response:true}": {
            "avg": 339.9573327479337,
            "min": 158.3061,
            "med": 349.0552,
            "max": 471.9619,
            "p(90)": 431.90020000000004,
            "p(95)": 438.28535
        },
        "http_reqs": {
            "count": 1000,
            "rate": 1915.8299279456367
        },
        "http_req_waiting": {
            "max": 471.9619,
            "p(90)": 431.0289,
            "p(95)": 437.768095,
            "avg": 328.39081429999965,
            "min": 0,
            "med": 343.7223
        },
        "data_sent": {
            "count": 197472,
            "rate": 378322.76753128076
        },
        "data_received": {
            "count": 3630000,
            "rate": 6954462.638442661
        },
        "http_req_sending": {
            "med": 0,
            "max": 14.1001,
            "p(90)": 1.1280600000000132,
            "p(95)": 2.570419999999992,
            "avg": 0.5797887000000015,
            "min": 0
        },
        "http_req_receiving": {
            "avg": 0.10809510000000001,
            "min": 0,
            "med": 0,
            "max": 11.8322,
            "p(90)": 0.24954000000000007,
            "p(95)": 0.5181549999999999
        },
        "vus": {
            "value": 1000,
            "min": 0,
            "max": 1000
        },
        "vus_max": {
            "value": 1000,
            "min": 211,
            "max": 1000
        },
        "iterations": {
            "count": 1000,
            "rate": 1915.8299279456367
        },
        "http_req_duration": {
            "avg": 329.0786980999999,
            "min": 0,
            "med": 344.3396,
            "max": 471.9619,
            "p(90)": 431.56444,
            "p(95)": 438.091
        },
        "http_req_tls_handshaking": {
            "p(90)": 0,
            "p(95)": 0,
            "avg": 0,
            "min": 0,
            "med": 0,
            "max": 0
        },
        "http_req_failed": {
            "passes": 32,
            "fails": 968,
            "value": 0.032
        },
        "http_req_blocked": {
            "max": 89.2173,
            "p(90)": 43.668,
            "p(95)": 64.1004,
            "avg": 25.356781900000186,
            "min": 0,
            "med": 22.6776
        }
    }
}