{
    "root_group": {
        "checks": {},
        "name": "",
        "path": "",
        "id": "d41d8cd98f00b204e9800998ecf8427e",
        "groups": {}
    },
    "metrics": {
        "http_req_waiting": {
            "min": 166.6074,
            "med": 1013.6279999999999,
            "max": 1515.3951,
            "p(90)": 1451.77627,
            "p(95)": 1496.578455,
            "avg": 998.637423
        },
        "http_req_duration": {
            "avg": 1000.80484,
            "min": 177.3205,
            "med": 1013.6279999999999,
            "max": 1515.3951,
            "p(90)": 1466.53497,
            "p(95)": 1500.5365350000002
        },
        "data_received": {
            "count": 375000,
            "rate": 246350.6436813852
        },
        "http_req_connecting": {
            "avg": 1.59809,
            "min": 0.5261,
            "med": 1.2291,
            "max": 3.3183,
            "p(90)": 2.4213300000000038,
            "p(95)": 2.8528
        },
        "http_req_tls_handshaking": {
            "avg": 0,
            "min": 0,
            "med": 0,
            "max": 0,
            "p(90)": 0,
            "p(95)": 0
        },
        "http_req_sending": {
            "min": 0,
            "med": 0,
            "max": 0.5626,
            "p(90)": 0.22542000000000267,
            "p(95)": 0.51876,
            "avg": 0.061192
        },
        "iteration_duration": {
            "p(95)": 1507.402755,
            "avg": 1005.0755680000003,
            "min": 179.0128,
            "med": 1017.9247500000001,
            "max": 1522.2624,
            "p(90)": 1473.3452900000002
        },
        "http_req_blocked": {
            "avg": 3.8929160000000014,
            "min": 1.1455,
            "med": 3.9598,
            "max": 6.755,
            "p(90)": 5.776350000000004,
            "p(95)": 6.755
        },
        "http_req_receiving": {
            "p(90)": 9.918040000000001,
            "p(95)": 12.615229999999999,
            "avg": 2.1062250000000002,
            "min": 0,
            "med": 0,
            "max": 15.3818
        },
        "vus_max": {
            "value": 100,
            "min": 100,
            "max": 100
        },
        "data_sent": {
            "rate": 13401.475016267354,
            "count": 20400
        },
        "vus": {
            "value": 12,
            "min": 12,
            "max": 93
        },
        "http_req_duration{expected_response:true}": {
            "med": 1013.6279999999999,
            "max": 1515.3951,
            "p(90)": 1466.53497,
            "p(95)": 1500.5365350000002,
            "avg": 1000.80484,
            "min": 177.3205
        },
        "iterations": {
            "count": 100,
            "rate": 65.69350498170272
        },
        "http_req_failed": {
            "passes": 0,
            "fails": 100,
            "value": 0
        },
        "http_reqs": {
            "count": 100,
            "rate": 65.69350498170272
        }
    }
}