{
    "root_group": {
        "name": "",
        "path": "",
        "id": "d41d8cd98f00b204e9800998ecf8427e",
        "groups": {},
        "checks": {}
    },
    "metrics": {
        "http_req_duration{expected_response:true}": {
            "avg": 6566.477271099997,
            "min": 692.8616,
            "med": 6650.42435,
            "max": 12096.9499,
            "p(90)": 10984.4812,
            "p(95)": 11517.251054999999
        },
        "http_req_receiving": {
            "min": 0,
            "med": 0,
            "max": 19.0195,
            "p(90)": 8.370049999999999,
            "p(95)": 11.314394999999998,
            "avg": 1.965599699999999
        },
        "http_req_waiting": {
            "p(90)": 10984.14264,
            "p(95)": 11517.251054999999,
            "avg": 6563.055051899994,
            "min": 682.8497,
            "med": 6643.4249,
            "max": 12096.9499
        },
        "data_received": {
            "count": 3750000,
            "rate": 307378.75488046766
        },
        "http_req_connecting": {
            "med": 41.2971,
            "max": 102.9824,
            "p(90)": 52.0132,
            "p(95)": 52.0132,
            "avg": 39.09042749999993,
            "min": 10.0145
        },
        "http_reqs": {
            "count": 1000,
            "rate": 81.9676679681247
        },
        "data_sent": {
            "count": 204000,
            "rate": 16721.40426549744
        },
        "vus": {
            "value": 82,
            "min": 0,
            "max": 1000
        },
        "http_req_blocked": {
            "avg": 57.189707100000284,
            "min": 15.1023,
            "med": 51.7438,
            "max": 102.9824,
            "p(90)": 92.9679,
            "p(95)": 102.9824
        },
        "http_req_tls_handshaking": {
            "avg": 0,
            "min": 0,
            "med": 0,
            "max": 0,
            "p(90)": 0,
            "p(95)": 0
        },
        "http_req_failed": {
            "passes": 0,
            "fails": 1000,
            "value": 0
        },
        "iterations": {
            "count": 1000,
            "rate": 81.9676679681247
        },
        "vus_max": {
            "min": 213,
            "max": 1000,
            "value": 1000
        },
        "http_req_duration": {
            "p(90)": 10984.4812,
            "p(95)": 11517.251054999999,
            "avg": 6566.477271099997,
            "min": 692.8616,
            "med": 6650.42435,
            "max": 12096.9499
        },
        "http_req_sending": {
            "avg": 1.4566195000000013,
            "min": 0,
            "med": 0,
            "max": 25.1185,
            "p(90)": 10.0135,
            "p(95)": 10.0145
        },
        "iteration_duration": {
            "min": 745.965,
            "med": 6716.4038,
            "max": 12200.0007,
            "p(90)": 11040.808980000002,
            "p(95)": 11603.668235,
            "avg": 6624.233316500003
        }
    }
}